<?xml version="1.0" encoding="UTF-8" ?>
<!DOCTYPE mapper
PUBLIC "-//mybatis.org//DTD Mapper 3.0//EN"
"http://mybatis.org/dtd/mybatis-3-mapper.dtd">
<mapper namespace="com.ruoyi.system.mapper.TblDeviceMapper">
    
    <resultMap type="TblDevice" id="TblDeviceResult">
        <result property="id"    column="id"    />
        <result property="selfId"    column="self_id"    />
        <result property="rfidId"    column="RFID_id"    />
        <result property="ip"    column="ip"    />
        <result property="name"    column="name"    />
        <result property="deviceCode"    column="deviceCode"    />
        <result property="itsmCode"    column="itsmCode"    />
        <result property="status"    column="status"    />
        <result property="category"    column="category"    />
        <result property="brand"    column="brand"    />
        <result property="model"    column="model"    />
        <result property="serialNumber"    column="serialNumber"    />
        <result property="startTime"    column="startTime"    />
        <result property="agency"    column="agency"    />
        <result property="department"    column="department"    />
        <result property="maintenance"    column="maintenance"    />
        <result property="responsible"    column="responsible"    />
        <result property="user"    column="user"    />
        <result property="expirationTime"    column="expirationTime"    />
        <result property="supplier"    column="supplier"    />
        <result property="propertyUnit"    column="propertyUnit"    />
        <result property="location"    column="location"    />
        <result property="isborrow"    column="isborrow"    />
        <result property="iscollection"    column="iscollection"    />
        <result property="delFlag"    column="del_flag"    />
        <result property="createBy"    column="create_by"    />
        <result property="createTime"    column="create_time"    />
        <result property="updateBy"    column="update_by"    />
        <result property="updateTime"    column="update_time"    />
        <result property="remark"    column="remark"    />
    </resultMap>

    <sql id="selectTblDeviceVo">
        select id, self_id, RFID_id, ip, name, deviceCode, itsmCode, status, category, brand, model, serialNumber, startTime, agency, department, maintenance, responsible, user, expirationTime, supplier, propertyUnit, location, isborrow, iscollection, del_flag, create_by, create_time, update_by, update_time, remark from tbl_device
    </sql>

    <select id="selectTblDeviceList" parameterType="TblDevice" resultMap="TblDeviceResult">
        <include refid="selectTblDeviceVo"/>
        <where>  
            <if test="name != null  and name != ''"> and name like concat('%', #{name}, '%')</if>
            <if test="deviceCode != null  and deviceCode != ''"> and deviceCode like concat('%', #{deviceCode}, '%')</if>
            <if test="itsmCode != null  and itsmCode != ''"> and itsmCode like concat('%', #{itsmCode}, '%')</if>
            <if test="category != null  and category != ''"> and category like concat('%', #{category}, '%')</if>
            <if test="params.beginStartTime != null and params.beginStartTime != '' and params.endStartTime != null and params.endStartTime != ''"> and startTime between #{params.beginStartTime} and #{params.endStartTime}</if>
            <if test="maintenance != null  and maintenance != ''"> and maintenance like concat('%', #{maintenance}, '%')</if>
            <if test="isborrow != null "> and isborrow = #{isborrow}</if>
            <if test="iscollection != null "> and iscollection = #{iscollection}</if>
        </where>
    </select>
    
    <select id="selectTblDeviceById" parameterType="Long" resultMap="TblDeviceResult">
        <include refid="selectTblDeviceVo"/>
        where id = #{id}
    </select>
        
    <insert id="insertTblDevice" parameterType="TblDevice" useGeneratedKeys="true" keyProperty="id">
        insert into tbl_device
        <trim prefix="(" suffix=")" suffixOverrides=",">
            <if test="selfId != null and selfId != ''">self_id,</if>
            <if test="rfidId != null">RFID_id,</if>
            <if test="ip != null">ip,</if>
            <if test="name != null and name != ''">name,</if>
            <if test="deviceCode != null and deviceCode != ''">deviceCode,</if>
            <if test="itsmCode != null and itsmCode != ''">itsmCode,</if>
            <if test="status != null and status != ''">status,</if>
            <if test="category != null and category != ''">category,</if>
            <if test="brand != null and brand != ''">brand,</if>
            <if test="model != null and model != ''">model,</if>
            <if test="serialNumber != null and serialNumber != ''">serialNumber,</if>
            <if test="startTime != null and startTime != ''">startTime,</if>
            <if test="agency != null and agency != ''">agency,</if>
            <if test="department != null and department != ''">department,</if>
            <if test="maintenance != null and maintenance != ''">maintenance,</if>
            <if test="responsible != null and responsible != ''">responsible,</if>
            <if test="user != null">user,</if>
            <if test="expirationTime != null">expirationTime,</if>
            <if test="supplier != null and supplier != ''">supplier,</if>
            <if test="propertyUnit != null and propertyUnit != ''">propertyUnit,</if>
            <if test="location != null">location,</if>
            <if test="isborrow != null">isborrow,</if>
            <if test="iscollection != null">iscollection,</if>
            <if test="delFlag != null">del_flag,</if>
            <if test="createBy != null">create_by,</if>
            <if test="createTime != null">create_time,</if>
            <if test="updateBy != null">update_by,</if>
            <if test="updateTime != null">update_time,</if>
            <if test="remark != null">remark,</if>
         </trim>
        <trim prefix="values (" suffix=")" suffixOverrides=",">
            <if test="selfId != null and selfId != ''">#{selfId},</if>
            <if test="rfidId != null">#{rfidId},</if>
            <if test="ip != null">#{ip},</if>
            <if test="name != null and name != ''">#{name},</if>
            <if test="deviceCode != null and deviceCode != ''">#{deviceCode},</if>
            <if test="itsmCode != null and itsmCode != ''">#{itsmCode},</if>
            <if test="status != null and status != ''">#{status},</if>
            <if test="category != null and category != ''">#{category},</if>
            <if test="brand != null and brand != ''">#{brand},</if>
            <if test="model != null and model != ''">#{model},</if>
            <if test="serialNumber != null and serialNumber != ''">#{serialNumber},</if>
            <if test="startTime != null and startTime != ''">#{startTime},</if>
            <if test="agency != null and agency != ''">#{agency},</if>
            <if test="department != null and department != ''">#{department},</if>
            <if test="maintenance != null and maintenance != ''">#{maintenance},</if>
            <if test="responsible != null and responsible != ''">#{responsible},</if>
            <if test="user != null">#{user},</if>
            <if test="expirationTime != null">#{expirationTime},</if>
            <if test="supplier != null and supplier != ''">#{supplier},</if>
            <if test="propertyUnit != null and propertyUnit != ''">#{propertyUnit},</if>
            <if test="location != null">#{location},</if>
            <if test="isborrow != null">#{isborrow},</if>
            <if test="iscollection != null">#{iscollection},</if>
            <if test="delFlag != null">#{delFlag},</if>
            <if test="createBy != null">#{createBy},</if>
            <if test="createTime != null">#{createTime},</if>
            <if test="updateBy != null">#{updateBy},</if>
            <if test="updateTime != null">#{updateTime},</if>
            <if test="remark != null">#{remark},</if>
         </trim>
    </insert>

    <update id="updateTblDevice" parameterType="TblDevice">
        update tbl_device
        <trim prefix="SET" suffixOverrides=",">
            <if test="selfId != null and selfId != ''">self_id = #{selfId},</if>
            <if test="rfidId != null">RFID_id = #{rfidId},</if>
            <if test="ip != null">ip = #{ip},</if>
            <if test="name != null and name != ''">name = #{name},</if>
            <if test="deviceCode != null and deviceCode != ''">deviceCode = #{deviceCode},</if>
            <if test="itsmCode != null and itsmCode != ''">itsmCode = #{itsmCode},</if>
            <if test="status != null and status != ''">status = #{status},</if>
            <if test="category != null and category != ''">category = #{category},</if>
            <if test="brand != null and brand != ''">brand = #{brand},</if>
            <if test="model != null and model != ''">model = #{model},</if>
            <if test="serialNumber != null and serialNumber != ''">serialNumber = #{serialNumber},</if>
            <if test="startTime != null and startTime != ''">startTime = #{startTime},</if>
            <if test="agency != null and agency != ''">agency = #{agency},</if>
            <if test="department != null and department != ''">department = #{department},</if>
            <if test="maintenance != null and maintenance != ''">maintenance = #{maintenance},</if>
            <if test="responsible != null and responsible != ''">responsible = #{responsible},</if>
            <if test="user != null">user = #{user},</if>
            <if test="expirationTime != null">expirationTime = #{expirationTime},</if>
            <if test="supplier != null and supplier != ''">supplier = #{supplier},</if>
            <if test="propertyUnit != null and propertyUnit != ''">propertyUnit = #{propertyUnit},</if>
            <if test="location != null">location = #{location},</if>
            <if test="isborrow != null">isborrow = #{isborrow},</if>
            <if test="iscollection != null">iscollection = #{iscollection},</if>
            <if test="delFlag != null">del_flag = #{delFlag},</if>
            <if test="createBy != null">create_by = #{createBy},</if>
            <if test="createTime != null">create_time = #{createTime},</if>
            <if test="updateBy != null">update_by = #{updateBy},</if>
            <if test="updateTime != null">update_time = #{updateTime},</if>
            <if test="remark != null">remark = #{remark},</if>
        </trim>
        where id = #{id}
    </update>

    <delete id="deleteTblDeviceById" parameterType="Long">
        delete from tbl_device where id = #{id}
    </delete>

    <delete id="deleteTblDeviceByIds" parameterType="String">
        delete from tbl_device where id in 
        <foreach item="id" collection="array" open="(" separator="," close=")">
            #{id}
        </foreach>
    </delete>

</mapper>